model,seed,val/top1
res34,s2,0.2847599983215332
res34,s1,0.2795200049877167
res34,s3,0.2844600081443786
