model,seed,val/top1
res34,s2,0.5223000049591064
res34,s1,0.5236600041389465
res34,s3,0.5267999768257141
