model,seed,val/top1
res34,s2,0.2950600087642669
res34,s1,0.2921999990940094
res34,s3,0.2928999960422516
