model,seed,val/top1
vitbs,s1,0.507099986076355
vitbs,s2,0.5019199848175049
vitbs,s3,0.5062400102615356
