model,seed,val/top1
res34,s2,0.5318999886512756
res34,s1,0.5339800119400024
res34,s3,0.5365399718284607
